,Unnamed: 0,No,First Name,Last Name,Gender,Year,FID,Faculty Name,DID,Department Name,Interests,,Current_Subjects
0,0,1,Frederick,Walker,Male,2,2,Faculty of Industrial Education and Technology,3,Department of Science Program in Printing and Packaging Technology,"['Ethics', 'Systems', 'Statistics', 'Biology', 'Materials', 'Analysis']",,"['CHM215', 'CHM266', 'GEN231', 'LNG103', 'PPT212', 'PPT221', 'PPT231']"
1,1,2,Sophia,Douglas,Female,2,1,Faculty of Engineering,6,Department of Environmental Engineering,"['Computer ', 'Project', 'Surveting', 'Mathematics', 'Civil Engineering', 'Laboratory']",,"['ENV210', 'ENV213', 'EEE100', 'MTH201', 'GEN101', 'GEN121', 'GEN231']"
2,2,3,Melanie,Andrews,Female,2,5,School of Architecture and Design,0,Department of Architecture (Interior Design),"['Materials', 'Constructions', 'Design', 'Management', 'Surveting', 'Economics']",,"['ARC226', 'INA241', 'ARC261', 'ARC271', 'INA211']"
3,3,4,Edward,Crawford,Male,2,1,Faculty of Science,0,Department of Mathematics,"['Ethics', 'Packaging', 'Electronics', 'Philosophy', 'Computer', 'Statistics']",,"['CSS112', 'GEN121', 'LNG103', 'MTH225', 'MTH242', 'STA111']"
4,4,5,Deanna,Warren,Female,2,3,Faculty of Engineering,6,Department of Civil Engineering,"['Interior Design', 'Biology', 'Art', 'Economics', 'Sports', 'Environemntal']",,"['MTH201', 'CVE221', 'CVE223', 'CVE232', 'CVE112', 'LNG103', 'GEN121']"
5,5,6,Jessica,Douglas,Female,3,2,Faculty of Science,4,Department of Mathematics,"['Industrial', 'Art', 'Systems', 'Leadership', 'Information Technology', 'Programming']",,"['GEN241', 'MTH330', 'MTH341', 'GEN351', 'MTH343', 'MTH356']"
6,6,7,Kellan,Mason,Male,1,1,Faculty of Engineering,2,Department of Environmental Engineering,"['Interior Architecture', 'Philosophy', 'Management', 'Computer ', 'Economics', 'Programming']",,"['CPE100', 'MEE111', 'LNG101', 'LNG102', 'MEN111', 'MTH101', 'PHY103', 'PHY191']"
7,7,8,Antony,Scott,Male,4,5,Faculty of Engineering,2,Department of Mechanical Engineering,"['Civil Engineering', 'Chemistry', 'Information Technology', 'Industrial', 'Printing', 'Telecommunication']",,"['MEE461', 'MEE462', 'STA302']"
8,8,9,Sarah,Cunningham,Female,1,2,Faculty of Engineering,0,Department of Civil Engineering,"['Business', 'Systems', 'Sports', 'Interior Design', 'Surveting', 'Language']",,"['MTH101', 'PHY103', 'PHY191', 'CHM103', 'CHM160', 'MEN111', 'LNG101', 'GEN111']"
9,9,10,Audrey,Morris,Female,1,0,School of Information Technology,4,Department of Science Information Technology,"['Biology', 'Philosophy', 'Analysis', 'Management', 'Interior Design', 'Surveying']",,"['INT100', 'INT101', 'INT102', 'INT114', 'GEN101', 'GEN111', 'LNG101']"
10,10,11,Rebecca,Russell,Female,1,0,Faculty of Industrial Education and Technology,1,Department of Science Program in Printing and Packaging Technology,"['Physics', 'Design', 'Career', 'Computer ', 'Communication', 'Civil Engineering']",,"['GEN111', 'LNG101', 'LNG102', 'MTH111', 'PHY101', 'PHY191', 'PPT101', 'PPT111']"
11,11,12,John,Montgomery,Male,2,1,Faculty of Industrial Education and Technology,6,Department of Science Program in Printing and Packaging Technology,"['Architecture', 'Construction', 'Computer ', 'Mathematics', 'Chemistry', 'Electrical']",,"['CHM215', 'CHM266', 'GEN231', 'LNG103', 'PPT212', 'PPT221', 'PPT231']"
12,12,13,William,West,Male,2,0,Faculty of Engineering,2,Department of Civil Engineering,"['Engineering Foundation', 'Design', 'Ethics', 'Surveting', 'Leadership', 'Constructions']",,"['MTH201', 'CVE221', 'CVE223', 'CVE232', 'CVE112', 'LNG103', 'GEN121']"
13,13,14,Alfred,Harrison,Male,1,3,Faculty of Science,8,Department of Applied Physics,"['Surveting', 'Interior Architecture', 'Economics', 'Interior Design', 'Mechanics', 'Leadership']",,"['PHY100', 'PHY101', 'PHY191', 'MTH111', 'GEN111', 'GEN121', 'LNG101']"
14,14,15,Daisy,Bailey,Female,2,5,Faculty of Science,2,Department of Applied Physics,"['Safety', 'Chemistry', 'Materials', 'Career', 'Computer', 'Civil Engineering']",,"['PHY203', 'PHY290', 'PHY205', 'STA212', 'EEE100', 'CHM103', 'CHM160', 'LNG103']"
15,15,16,Jenna,Scott,Female,4,3,Faculty of Industrial Education and Technology,4,Department of Science Program in Printing and Packaging Technology,"['Business', 'Control', 'Design', 'Information Technology', 'Language', 'Career']",,"['PPT491', 'PPT492', 'PPT481', 'PPT493']"
16,16,17,Oliver,Richardson,Male,1,5,School of Architecture and Design,0,Department of Architecture (Architecture),"['Philosophy', 'Civil Engineering', 'Communication', 'Analysis', 'Leadership', 'Language']",,"['ARC115', 'ARC117', 'ARC123', 'LNG105', 'GEN121', 'GEN231']"
17,17,18,Daisy,Watson,Female,4,5,Faculty of Industrial Education and Technology,1,Department of Technology Industrial Technology,"['Business', 'Electronics', 'Statistics', 'Computer ', 'Surveying', 'Surveting']",,"['IDT495', 'IDT496']"
18,18,19,Violet,Taylor,Female,2,2,Faculty of Science,2,Department of Applied Physics,"['Printing', 'Architecture', 'Electronics', 'Computer', 'Philosophy', 'Management']",,"['PHY203', 'PHY290', 'PHY205', 'STA212', 'EEE100', 'CHM103', 'CHM160', 'LNG103']"
19,19,20,Wilson,Harper,Male,3,4,Faculty of Industrial Education and Technology,0,Department of Technology Industrial Technology,"['Project', 'Ethics', 'Computer', 'Architecture', 'Language', 'Mathematics']",,"['GEN351', 'IDT301', 'IDT471', 'IDT472', 'IDT391']"
20,20,21,Alisa,Kelley,Female,4,4,School of Architecture and Design,0,Department of Architecture (Architecture),"['Control', 'Safety', 'Electrical', 'Engineering Foundation', 'Electronics', 'Surveying']",,"['ARC445', 'GEN351', 'ARC494', 'ARC446', 'ARC493', 'LNG107']"
21,21,22,Roland,Montgomery,Male,3,4,Faculty of Industrial Education and Technology,0,Department of Science Program in Printing and Packaging Technology,"['Electrical', 'Mathematics', 'Economics', 'Career', 'Engineering Foundation', 'Analysis']",,"['PPT331', 'PPT361', 'PPT371', 'GEN351', 'PPT362', 'PPT363']"
22,22,23,Frederick,Farrell,Male,3,3,Faculty of Industrial Education and Technology,3,Department of Science Program in Printing and Packaging Technology,"['Electrical', 'Philosophy', 'Analysis', 'Economics', 'Civil Engineering', 'Architecture']",,"['PPT331', 'PPT361', 'PPT371', 'GEN351', 'PPT362', 'PPT363']"
23,23,24,Miller,Henderson,Male,1,1,Faculty of Engineering,1,Department of Environmental Engineering,"['Project', 'Systems', 'Control', 'Environmental', 'Career', 'Information Technology']",,"['CPE100', 'MEE111', 'LNG101', 'LNG102', 'MEN111', 'MTH101', 'PHY103', 'PHY191']"
24,24,25,Agata,Ross,Female,3,2,School of Information Technology,4,Department of Science Information Technology,"['Economics', 'Mechanics', 'Surveting', 'Materials', 'Information Technology', 'Career']",,"['INT222', 'INT305', 'INT307', 'INT314', 'GEN241', 'LNG320']"
25,25,26,Julia,Kelley,Female,2,5,Faculty of Industrial Education and Technology,0,Department of Technology Industrial Technology,"['Materials', 'Interior Design', 'Packaging', 'Philosophy', 'Engineering Foundation', 'Computer']",,"['GEN101', 'GEN231', 'LNG103', 'IDT201', 'IDT202', 'IDT203']"
26,26,27,Emily,Crawford,Female,3,2,Faculty of Industrial Education and Technology,0,Department of Technology Industrial Technology,"['Constructions', 'Mathematics', 'Philosophy', 'Telecommunication', 'Analysis', 'Laboratory']",,"['GEN351', 'IDT301', 'IDT471', 'IDT472', 'IDT391']"
27,27,28,Adele,Roberts,Female,3,0,School of Information Technology,5,Department of Science Program in Computer Science,"['Management', 'Mathematics', 'Statistics', 'Constructions', 'Language', 'Civil Engineering']",,"['CSC340', 'MTH101', 'CSC319', 'CSC371', 'CSC498', 'MTH102']"
28,28,29,Kelvin,Douglas,Male,4,5,Faculty of Science,1,Department of Chemistry,"['Construction', 'Economics', 'Design', 'Information Technology', 'Systems', 'Chemistry']",,"['CHM496', 'CHM497', 'PRE290']"
29,29,30,Camila,Harris,Female,4,3,Faculty of Engineering,6,Department of Electrical Engineering,"['Career', 'Printing', 'Art', 'Interior Design', 'Computer', 'Electrical']",,"['EEE440', 'EEE495', 'EEE498', 'GEN351', 'EEE496', 'EEE499']"
30,30,31,Madaline,Payne,Female,3,0,Faculty of Industrial Education and Technology,3,Department of Technology Industrial Technology,"['Safety', 'Management', 'Analysis', 'Philosophy', 'Electronics', 'Construction']",,"['GEN351', 'IDT301', 'IDT471', 'IDT472', 'IDT391']"
31,31,32,Myra,Chapman,Female,1,0,Faculty of Industrial Education and Technology,5,Department of Technology Industrial Technology,"['Mechanics', 'Chemistry', 'Control', 'Packaging', 'Information Technology', 'Systems']",,"['GEN111', 'LNG101', 'IDT101', 'IDT102', 'MTH101']"
32,32,33,Antony,Crawford,Male,4,5,School of Architecture and Design,1,Department of Architecture (Architecture),"['Surveting', 'Environemntal', 'Printing', 'Constructions', 'Surveying', 'Computer']",,"['ARC445', 'GEN351', 'ARC494', 'ARC446', 'ARC493', 'LNG107']"
33,33,34,Florrie,Cunningham,Female,1,4,Faculty of Industrial Education and Technology,0,Department of Technology Industrial Technology,"['Interior Design', 'Civil Engineering', 'Computer', 'Computer ', 'Philosophy', 'Materials']",,"['GEN111', 'LNG101', 'IDT101', 'IDT102', 'MTH101']"
34,34,35,Camila,Reed,Female,3,2,School of Architecture and Design,4,Department of Architecture (Interior Design),"['Surveting', 'Safety', 'Systems', 'Printing', 'Electrical', 'Economics']",,"['ARC382', 'INA312', 'INA333', 'INA343', 'INA353', 'INA373', 'INA445']"
35,35,36,Alfred,Murphy,Male,1,1,School of Architecture and Design,0,Department of Architecture (Architecture),"['Language', 'Leadership', 'Design', 'Electrical', 'Economics', 'Materials']",,"['ARC115', 'ARC117', 'ARC123', 'LNG105', 'GEN121', 'GEN231']"
36,36,37,Anna,Henderson,Female,2,2,School of Architecture and Design,2,Department of Architecture (Architecture),"['Interior Architecture', 'Interior Design', 'Chemistry', 'Mathematics', 'Electrical', 'Analysis']",,"['ARC226', 'ARC241', 'ARC261', 'ARC271']"
37,37,38,Jared,Hall,Male,3,4,Faculty of Engineering,0,Department of Mechanical Engineering,"['Systems', 'Engineering Foundation', 'Economics', 'Constructions', 'Language', 'Philosophy']",,"['GEN231', 'MEE313', 'MEE321', 'MEE331', 'MEE361', 'MEE363']"
38,38,39,David,Harris,Male,4,0,Faculty of Science,0,Department of Chemistry,"['Computer', 'Architecture', 'Interior Design', 'Engineering Foundation', 'Management', 'Laboratory']",,"['CHM496', 'CHM497', 'PRE290']"
39,39,40,Jasmine,Wright,Female,3,0,Faculty of Engineering,0,Department of Electrical Engineering,"['Surveting', 'Civil Engineering', 'Safety', 'Systems', 'Economics', 'Telecommunication']",,"['EEE321', 'EEE330', 'EEE372', 'EEE380', 'EEE393', 'EEE397', 'MEE214']"
40,40,41,Darcy,Thomas,Female,3,5,School of Information Technology,0,Department of Science Program in Computer Science,"['Engineering Foundation', 'Language', 'Electronics', 'Chemistry', 'Environmental', 'Control']",,"['CSC340', 'MTH101', 'CSC319', 'CSC371', 'CSC498', 'MTH102']"
41,41,42,Sophia,Walker,Female,2,1,School of Information Technology,3,Department of Science Program in Computer Science,"['Control', 'Communication', 'Environmental', 'Surveying', 'Economics', 'Printing']",,"['CSC210', 'CSC213', 'CSC218', 'CSC220', 'CSC290', 'GEN352']"
42,42,43,Jacob,Baker,Male,3,3,Faculty of Engineering,9,Department of Environmental Engineering,"['Programming', 'Environemntal', 'Construction', 'Physics', 'Control', 'Environmental']",,"['CVE385', 'CVE394', 'ENV341', 'ENV344', 'ENV345', 'ENV371', 'GEN351']"
43,43,44,Cherry,Stewart,Female,1,1,Faculty of Industrial Education and Technology,0,Department of Science Program in Printing and Packaging Technology,"['Art', 'Language', 'Project', 'Statistics', 'Programming', 'Construction']",,"['GEN111', 'LNG101', 'LNG102', 'MTH111', 'PHY101', 'PHY191', 'PPT101', 'PPT111']"
44,44,45,Reid,Williams,Male,1,5,School of Information Technology,0,Department of Science Program in Computer Science,"['Surveting', 'Industrial', 'Ethics', 'Environemntal', 'Mechanical', 'Telecommunication']",,"['CSC100', 'CSC101', 'CSC102', 'CSC165', 'GEN111', 'GEN121', 'GEN231', 'LNG105']"
45,45,46,Florrie,Morrison,Female,1,3,Faculty of Engineering,0,Department of Environmental Engineering,"['Computer ', 'Sports', 'Environmental', 'Systems', 'Constructions', 'Mathematics']",,"['CPE100', 'MEE111', 'LNG101', 'LNG102', 'MEN111', 'MTH101', 'PHY103', 'PHY191']"
46,46,47,Caroline,Watson,Female,2,4,School of Architecture and Design,0,Department of Architecture (Architecture),"['Packaging', 'Art', 'Programming', 'Leadership', 'Safety', 'Statistics']",,"['ARC226', 'ARC241', 'ARC261', 'ARC271']"
47,47,48,Lucia,Cole,Female,2,5,Faculty of Science,2,Department of Applied Physics,"['Leadership', 'Art', 'Packaging', 'Printing', 'Mathematics', 'Interior Design']",,"['PHY203', 'PHY290', 'PHY205', 'STA212', 'EEE100', 'CHM103', 'CHM160', 'LNG103']"
48,48,49,Maximilian,Ross,Male,3,0,School of Information Technology,5,Department of Science Program in Computer Science,"['Mechanical', 'Project', 'Analysis', 'Materials', 'Laboratory', 'Mathematics']",,"['CSC340', 'MTH101', 'CSC319', 'CSC371', 'CSC498', 'MTH102']"
49,49,50,Kevin,Holmes,Male,1,4,School of Architecture and Design,0,Department of Architecture (Architecture),"['Interior Design', 'Design', 'Mechanics', 'Mechanical', 'Laboratory', 'Analysis']",,"['ARC115', 'ARC117', 'ARC123', 'LNG105', 'GEN121', 'GEN231']"
50,50,51,Daniel,Campbell,Male,1,0,Faculty of Industrial Education and Technology,5,Department of Technology Industrial Technology,"['Leadership', 'Design', 'Surveying', 'Telecommunication', 'Philosophy', 'Business']",,"['GEN111', 'LNG101', 'IDT101', 'IDT102', 'MTH101']"
51,51,52,Max,Ryan,Male,2,3,School of Architecture and Design,7,Department of Architecture (Architecture),"['Safety', 'Civil Engineering', 'Surveting', 'Project', 'Telecommunication', 'Engineering Foundation']",,"['ARC226', 'ARC241', 'ARC261', 'ARC271']"
52,52,53,Lydia,Tucker,Female,1,0,School of Information Technology,7,Department of Science Information Technology,"['Computer', 'Control', 'Constructions', 'Art', 'Materials', 'Interior Design']",,"['INT100', 'INT101', 'INT102', 'INT114', 'GEN101', 'GEN111', 'LNG101']"
53,53,54,Darcy,Nelson,Female,3,2,Faculty of Industrial Education and Technology,1,Department of Science Program in Printing and Packaging Technology,"['Environemntal', 'Engineering Foundation', 'Project', 'Mathematics', 'Architecture', 'Electrical']",,"['PPT331', 'PPT361', 'PPT371', 'GEN351', 'PPT362', 'PPT363']"
54,54,55,Melanie,Roberts,Female,3,1,School of Architecture and Design,4,Department of Architecture (Architecture),"['Surveting', 'Communication', 'Computer', 'Programming', 'Economics', 'Sports']",,"['ARC343', 'ARC354', 'ARC363', 'ARC373', 'ARC382']"
55,55,56,Maya,Kelley,Female,2,1,Faculty of Science,0,Department of Mathematics,"['Mechanical', 'Printing', 'Computer ', 'Ethics', 'Laboratory', 'Sports']",,"['CSS112', 'GEN121', 'LNG103', 'MTH225', 'MTH242', 'STA111']"
56,56,57,Vivian,Morris,Female,3,2,Faculty of Engineering,4,Department of Mechanical Engineering,"['Telecommunication', 'Economics', 'Analysis', 'Constructions', 'Computer ', 'Industrial']",,"['GEN231', 'MEE313', 'MEE321', 'MEE331', 'MEE361', 'MEE363']"
57,57,58,Cadie,Morgan,Female,2,1,Faculty of Science,0,Department of Chemistry,"['Sports', 'Interior Design', 'Language', 'Philosophy', 'Statistics', 'Materials']",,"['CHM212', 'CHM262', 'CHM221', 'CHM263', 'MTH252', 'LNG103', 'GEN121', 'GEN231']"
58,58,59,Derek,Jones,Male,3,5,School of Architecture and Design,0,Department of Architecture (Interior Design),"['Project', 'Computer', 'Environemntal', 'Safety', 'Constructions', 'Control']",,"['ARC382', 'INA312', 'INA333', 'INA343', 'INA353', 'INA373', 'INA445']"
59,59,60,Jack,Bennett,Male,2,0,Faculty of Engineering,7,Department of Chemical Engineering,"['Environmental', 'Laboratory', 'Art', 'Interior Design', 'Management', 'Business']",,"['CHE210', 'CHE231', 'CHE241', 'LNG103', 'GEN231', 'MTH201']"
60,60,61,Kellan,Rogers,Male,1,2,Faculty of Science,3,Department of Chemistry,"['Materials', 'Sports', 'Philosophy', 'Art', 'Safety', 'Interior Design']",,"['CHM101', 'CHM161', 'MIC101', 'MIC191', 'MTH111', 'PHY101', 'PHY191', 'LNG101', 'GEN101']"
61,61,62,Carl,Williams,Male,4,1,Faculty of Industrial Education and Technology,1,Department of Technology Industrial Technology,"['Art', 'Chemistry', 'Business', 'Analysis', 'Constructions', 'Information Technology']",,"['IDT495', 'IDT496']"
62,62,63,Eric,Evans,Male,4,0,Faculty of Engineering,2,Department of Civil Engineering,"['Surveting', 'Physics', 'Design', 'Constructions', 'Laboratory', 'Language']",,"['CVE401', 'CVE414', 'CVE415', 'GEN351', 'CVE402']"
63,63,64,Honey,Barrett,Female,4,1,School of Information Technology,2,Department of Science Information Technology,"['Mathematics', 'Safety', 'Ethics', 'Systems', 'Interior Architecture', 'Art']",,"['INT366', 'LNG224', 'INT322', 'LNG304']"
64,64,65,Nicole,Nelson,Female,3,4,School of Architecture and Design,0,Department of Architecture (Interior Design),"['Constructions', 'Programming', 'Printing', 'Chemistry', 'Environemntal', 'Computer']",,"['ARC382', 'INA312', 'INA333', 'INA343', 'INA353', 'INA373', 'INA445']"
65,65,66,Mike,Brown,Male,2,0,School of Information Technology,9,Department of Science Program in Computer Science,"['Environmental', 'Project', 'Mechanical', 'Control', 'Design', 'Mechanics']",,"['CSC210', 'CSC213', 'CSC218', 'CSC220', 'CSC290', 'GEN352']"
66,66,67,Edgar,Mason,Male,1,2,Faculty of Industrial Education and Technology,0,Department of Science Program in Printing and Packaging Technology,"['Interior Design', 'Communication', 'Engineering Foundation', 'Constructions', 'Economics', 'Safety']",,"['GEN111', 'LNG101', 'LNG102', 'MTH111', 'PHY101', 'PHY191', 'PPT101', 'PPT111']"
67,67,68,James,Carroll,Male,4,0,Faculty of Industrial Education and Technology,4,Department of Technology Industrial Technology,"['Environemntal', 'Environmental', 'Economics', 'Physics', 'Mechanics', 'Management']",,"['IDT495', 'IDT496']"
68,68,69,Kellan,Owens,Male,3,2,Faculty of Industrial Education and Technology,0,Department of Technology Industrial Technology,"['Philosophy', 'Information Technology', 'Constructions', 'Control', 'Analysis', 'Interior Architecture']",,"['GEN351', 'IDT301', 'IDT471', 'IDT472', 'IDT391']"
69,69,70,Charlie,Cole,Male,3,5,School of Information Technology,0,Department of Science Information Technology,"['Computer ', 'Packaging', 'Programming', 'Interior Design', 'Electrical', 'Philosophy']",,"['INT222', 'INT305', 'INT307', 'INT314', 'GEN241', 'LNG320']"
70,70,71,Edwin,Fowler,Male,3,1,School of Architecture and Design,6,Department of Architecture (Interior Design),"['Mathematics', 'Philosophy', 'Ethics', 'Sports', 'Surveting', 'Language']",,"['ARC382', 'INA312', 'INA333', 'INA343', 'INA353', 'INA373', 'INA445']"
71,71,72,Sam,Jones,Male,3,1,Faculty of Engineering,2,Department of Environmental Engineering,"['Environemntal', 'Programming', 'Communication', 'Design', 'Computer', 'Information Technology']",,"['CVE385', 'CVE394', 'ENV341', 'ENV344', 'ENV345', 'ENV371', 'GEN351']"
72,72,73,Fenton,Baker,Male,3,1,Faculty of Industrial Education and Technology,1,Department of Science Program in Printing and Packaging Technology,"['Biology', 'Packaging', 'Physics', 'Communication', 'Laboratory', 'Information Technology']",,"['PPT331', 'PPT361', 'PPT371', 'GEN351', 'PPT362', 'PPT363']"
73,73,74,Ned,Kelley,Male,4,3,Faculty of Science,0,Department of Statistics,"['Design', 'Statistics', 'Language', 'Engineering Foundation', 'Packaging', 'Career']",,"['GEN351', 'STA491', 'STA421', 'STA463', 'STA492']"
74,74,75,Ted,Reed,Male,4,2,Faculty of Science,3,Department of Mathematics,"['Economics', 'Architecture', 'Systems', 'Telecommunication', 'Business', 'Civil Engineering']",,"['MTH498', 'MTH499', 'MTH495']"
75,75,76,Justin,Chapman,Male,3,2,Faculty of Engineering,2,Department of Environmental Engineering,"['Computer ', 'Chemistry', 'Philosophy', 'Architecture', 'Project', 'Biology']",,"['CVE385', 'CVE394', 'ENV341', 'ENV344', 'ENV345', 'ENV371', 'GEN351']"
76,76,77,Reid,Taylor,Male,3,3,School of Information Technology,5,Department of Science Information Technology,"['Management', 'Interior Design', 'Design', 'Construction', 'Mechanical', 'Environemntal']",,"['INT222', 'INT305', 'INT307', 'INT314', 'GEN241', 'LNG320']"
77,77,78,Maximilian,Morris,Male,2,4,Faculty of Science,0,Department of Chemistry,"['Computer', 'Surveying', 'Mechanics', 'Ethics', 'Management', 'Safety']",,"['CHM212', 'CHM262', 'CHM221', 'CHM263', 'MTH252', 'LNG103', 'GEN121', 'GEN231']"
78,78,79,Amy,Mason,Female,4,3,Faculty of Science,5,Department of Microbiology,"['Ethics', 'Analysis', 'Environmental', 'Project', 'Language', 'Surveying']",,"['MIC497', 'MIC498', 'GEN351', 'MIC499']"
79,79,80,Elise,Edwards,Female,3,2,School of Information Technology,4,Department of Science Information Technology,"['Interior Architecture', 'Constructions', 'Business', 'Ethics', 'Civil Engineering', 'Project']",,"['INT222', 'INT305', 'INT307', 'INT314', 'GEN241', 'LNG320']"
80,80,81,Alexander,Crawford,Male,2,1,School of Architecture and Design,4,Department of Architecture (Interior Design),"['Systems', 'Mathematics', 'Programming', 'Art', 'Environmental', 'Printing']",,"['ARC226', 'INA241', 'ARC261', 'ARC271', 'INA211']"
81,81,82,Gianna,Cunningham,Female,1,3,Faculty of Engineering,9,Department of Electrical Engineering,"['Ethics', 'Architecture', 'Philosophy', 'Environemntal', 'Career', 'Electrical']",,"['CHM103', 'CHM160', 'LNG101', 'MTH101', 'PHY103', 'PHY191', 'GEN111', 'MEE111']"
82,82,83,Alfred,Cole,Male,2,4,Faculty of Engineering,0,Department of Computer Engineering,"['Biology', 'Safety', 'Design', 'Civil Engineering', 'Communication', 'Economics']",,"['CPE212', 'CPE223', 'GEN101', 'GEN231', 'LNG103', 'MTH201', 'CHM103']"
83,83,84,Olivia,Ross,Female,2,3,Faculty of Science,7,Department of Mathematics,"['Management', 'Information Technology', 'Packaging', 'Environemntal', 'Telecommunication', 'Communication']",,"['CSS112', 'GEN121', 'LNG103', 'MTH225', 'MTH242', 'STA111']"
84,84,85,Lana,Elliott,Female,2,0,School of Architecture and Design,2,Department of Architecture (Interior Design),"['Interior Design', 'Sports', 'Mechanics', 'Systems', 'Mathematics', 'Printing']",,"['ARC226', 'INA241', 'ARC261', 'ARC271', 'INA211']"
85,85,86,Elian,Smith,Male,4,2,Faculty of Industrial Education and Technology,2,Department of Technology Industrial Technology,"['Surveying', 'Design', 'Laboratory', 'Economics', 'Career', 'Leadership']",,"['IDT495', 'IDT496']"
86,86,87,April,Gibson,Female,3,3,Faculty of Science,4,Department of Chemistry,"['Construction', 'Control', 'Environemntal', 'Career', 'Engineering Foundation', 'Leadership']",,"['CHM332', 'CHM362', 'CHM321', 'CHM363', 'CHM342', 'CHM365', 'GEN351']"
87,87,88,Walter,Riley,Male,4,1,Faculty of Engineering,6,Department of Mechanical Engineering,"['Packaging', 'Leadership', 'Business', 'Art', 'Mechanics', 'Mathematics']",,"['MEE461', 'MEE462', 'STA302']"
88,88,89,Vincent,Chapman,Male,1,1,Faculty of Industrial Education and Technology,1,Department of Science Program in Printing and Packaging Technology,"['Information Technology', 'Constructions', 'Systems', 'Laboratory', 'Printing', 'Safety']",,"['GEN111', 'LNG101', 'LNG102', 'MTH111', 'PHY101', 'PHY191', 'PPT101', 'PPT111']"
89,89,90,Lana,Walker,Female,2,2,Faculty of Industrial Education and Technology,0,Department of Technology Industrial Technology,"['Electrical', 'Leadership', 'Materials', 'Economics', 'Art', 'Telecommunication']",,"['GEN101', 'GEN231', 'LNG103', 'IDT201', 'IDT202', 'IDT203']"
90,90,91,Arianna,Stevens,Female,4,0,Faculty of Engineering,4,Department of Computer Engineering,"['Environemntal', 'Laboratory', 'Surveting', 'Interior Design', 'Mathematics', 'Ethics']",,"['CPE401', 'CPE402']"
91,91,92,Alexia,Baker,Female,3,0,Faculty of Engineering,4,Department of Environmental Engineering,"['Language', 'Mechanics', 'Computer ', 'Environemntal', 'Art', 'Industrial']",,"['CVE385', 'CVE394', 'ENV341', 'ENV344', 'ENV345', 'ENV371', 'GEN351']"
92,92,93,Adrianna,Carroll,Female,4,1,Faculty of Science,6,Department of Applied Physics,"['Career', 'Philosophy', 'Surveting', 'Civil Engineering', 'Project', 'Biology']",,"['PHY496', 'PHY498', 'PHY497', 'PHY495']"
93,93,94,Tara,Murphy,Female,1,2,Faculty of Science,4,Department of Chemistry,"['Industrial', 'Engineering Foundation', 'Architecture', 'Management', 'Project', 'Ethics']",,"['CHM101', 'CHM161', 'MIC101', 'MIC191', 'MTH111', 'PHY101', 'PHY191', 'LNG101', 'GEN101']"
94,94,95,Paul,Parker,Male,1,1,School of Information Technology,4,Department of Science Information Technology,"['Ethics', 'Business', 'Computer', 'Analysis', 'Environmental', 'Mechanical']",,"['INT100', 'INT101', 'INT102', 'INT114', 'GEN101', 'GEN111', 'LNG101']"
95,95,96,Jared,Fowler,Male,3,2,Faculty of Science,0,Department of Microbiology,"['Electrical', 'Mechanics', 'Communication', 'Telecommunication', 'Chemistry', 'Systems']",,"['GEN231', 'MIC321', 'MIC391', 'MIC332', 'MIC392', 'MIC341', 'MIC324']"
96,96,97,Tony,Allen,Male,4,1,Faculty of Science,0,Department of Applied Physics,"['Architecture', 'Interior Design', 'Physics', 'Economics', 'Mechanical', 'Design']",,"['PHY496', 'PHY498', 'PHY497', 'PHY495']"
97,97,98,Fiona,Gray,Female,2,3,School of Information Technology,5,Department of Science Program in Computer Science,"['Computer ', 'Business', 'Ethics', 'Sports', 'Mechanics', 'Telecommunication']",,"['CSC210', 'CSC213', 'CSC218', 'CSC220', 'CSC290', 'GEN352']"
98,98,99,Frederick,Lloyd,Male,1,2,Faculty of Engineering,2,Department of Civil Engineering,"['Computer ', 'Telecommunication', 'Design', 'Career', 'Surveting', 'Biology']",,"['MTH101', 'PHY103', 'PHY191', 'CHM103', 'CHM160', 'MEN111', 'LNG101', 'GEN111']"
99,99,100,Spike,Perry,Male,3,2,Faculty of Science,1,Department of Mathematics,"['Mechanical', 'Computer ', 'Design', 'Project', 'Statistics', 'Electronics']",,"['GEN241', 'MTH330', 'MTH341', 'GEN351', 'MTH343', 'MTH356']"
100,100,101,Cadie,Owens,Female,2,3,Faculty of Industrial Education and Technology,2,Department of Technology Industrial Technology,"['Design', 'Analysis', 'Physics', 'Civil Engineering', 'Printing', 'Mechanics']",,"['GEN101', 'GEN231', 'LNG103', 'IDT201', 'IDT202', 'IDT203']"
101,101,102,Oscar,Dixon,Male,2,2,Faculty of Industrial Education and Technology,3,Department of Science Program in Printing and Packaging Technology,"['Computer ', 'Leadership', 'Civil Engineering', 'Surveting', 'Electrical', 'Economics']",,"['CHM215', 'CHM266', 'GEN231', 'LNG103', 'PPT212', 'PPT221', 'PPT231']"
102,102,103,Roman,Watson,Male,2,3,Faculty of Industrial Education and Technology,2,Department of Science Program in Printing and Packaging Technology,"['Electrical', 'Interior Architecture', 'Mathematics', 'Laboratory', 'Engineering Foundation', 'Statistics']",,"['CHM215', 'CHM266', 'GEN231', 'LNG103', 'PPT212', 'PPT221', 'PPT231']"
103,103,104,Adrian,Wright,Male,4,0,Faculty of Industrial Education and Technology,2,Department of Technology Industrial Technology,"['Civil Engineering', 'Environmental', 'Engineering Foundation', 'Physics', 'Packaging', 'Electrical']",,"['IDT495', 'IDT496']"
104,104,105,Briony,Stevens,Female,4,5,Faculty of Industrial Education and Technology,2,Department of Science Program in Printing and Packaging Technology,"['Mathematics', 'Leadership', 'Environmental', 'Surveying', 'Laboratory', 'Language']",,"['PPT491', 'PPT492', 'PPT481', 'PPT493']"
105,105,106,Kelsey,Russell,Female,1,3,School of Information Technology,7,Department of Science Program in Computer Science,"['Materials', 'Electronics', 'Philosophy', 'Packaging', 'Surveting', 'Engineering Foundation']",,"['CSC100', 'CSC101', 'CSC102', 'CSC165', 'GEN111', 'GEN121', 'GEN231', 'LNG105']"
106,106,107,Wilson,Richards,Male,2,1,School of Architecture and Design,0,Department of Architecture (Interior Design),"['Surveting', 'Business', 'Programming', 'Career', 'Biology', 'Economics']",,"['ARC226', 'INA241', 'ARC261', 'ARC271', 'INA211']"
107,107,108,Lydia,Thompson,Female,1,2,Faculty of Science,2,Department of Chemistry,"['Safety', 'Printing', 'Telecommunication', 'Civil Engineering', 'Leadership', 'Architecture']",,"['CHM101', 'CHM161', 'MIC101', 'MIC191', 'MTH111', 'PHY101', 'PHY191', 'LNG101', 'GEN101']"
108,108,109,Elian,Davis,Male,1,1,School of Information Technology,2,Department of Science Information Technology,"['Constructions', 'Telecommunication', 'Environemntal', 'Electrical', 'Leadership', 'Communication']",,"['INT100', 'INT101', 'INT102', 'INT114', 'GEN101', 'GEN111', 'LNG101']"
109,109,110,John,Cameron,Male,1,3,Faculty of Engineering,9,Department of Chemical Engineering,"['Information Technology', 'Control', 'Safety', 'Engineering Foundation', 'Electrical', 'Materials']",,"['CHE100', 'CHM103', 'CHM160', 'LNG101', 'MTH101', 'PHY103', 'PHY191', 'GEN111']"
110,110,111,Harold,Thompson,Male,3,2,Faculty of Science,3,Department of Microbiology,"['Laboratory', 'Biology', 'Chemistry', 'Civil Engineering', 'Architecture', 'Interior Design']",,"['GEN231', 'MIC321', 'MIC391', 'MIC332', 'MIC392', 'MIC341', 'MIC324']"
111,111,112,Alissa,Andrews,Female,2,0,Faculty of Science,0,Department of Mathematics,"['Safety', 'Design', 'Mechanical', 'Ethics', 'Industrial', 'Architecture']",,"['CSS112', 'GEN121', 'LNG103', 'MTH225', 'MTH242', 'STA111']"
112,112,113,Henry,Johnston,Male,4,3,Faculty of Science,3,Department of Microbiology,"['Project', 'Constructions', 'Mechanics', 'Industrial', 'Surveting', 'Philosophy']",,"['MIC497', 'MIC498', 'GEN351', 'MIC499']"
113,113,114,Anna,Kelley,Female,4,2,Faculty of Engineering,1,Department of Electronics and Telecommunication Engineering,"['Computer ', 'Electronics', 'Architecture', 'Systems', 'Biology', 'Language']",,"['ENE477', 'PRE380', 'ENE478', 'GEN101']"
114,114,115,Brooke,Perry,Female,4,1,Faculty of Engineering,2,Department of Computer Engineering,"['Chemistry', 'Constructions', 'Engineering Foundation', 'Programming', 'Management', 'Safety']",,"['CPE401', 'CPE402']"
115,115,116,Henry,Perry,Male,3,5,School of Architecture and Design,1,Department of Architecture (Interior Design),"['Civil Engineering', 'Language', 'Philosophy', 'Chemistry', 'Biology', 'Printing']",,"['ARC382', 'INA312', 'INA333', 'INA343', 'INA353', 'INA373', 'INA445']"
116,116,117,Adele,Brooks,Female,4,3,Faculty of Engineering,7,Department of Electrical Engineering,"['Constructions', 'Economics', 'Electrical', 'Analysis', 'Surveying', 'Engineering Foundation']",,"['EEE440', 'EEE495', 'EEE498', 'GEN351', 'EEE496', 'EEE499']"
117,117,118,Maddie,Ryan,Female,3,1,Faculty of Science,6,Department of Mathematics,"['Sports', 'Programming', 'Interior Design', 'Civil Engineering', 'Control', 'Surveting']",,"['GEN241', 'MTH330', 'MTH341', 'GEN351', 'MTH343', 'MTH356']"
118,118,119,Alexander,Murphy,Male,2,2,Faculty of Science,4,Department of Applied Physics,"['Materials', 'Information Technology', 'Systems', 'Packaging', 'Electrical', 'Analysis']",,"['PHY203', 'PHY290', 'PHY205', 'STA212', 'EEE100', 'CHM103', 'CHM160', 'LNG103']"
119,119,120,Sawyer,Edwards,Male,3,3,School of Architecture and Design,0,Department of Architecture (Architecture),"['Mechanics', 'Laboratory', 'Mathematics', 'Biology', 'Environemntal', 'Chemistry']",,"['ARC343', 'ARC354', 'ARC363', 'ARC373', 'ARC382']"
120,120,121,Alen,Elliott,Male,1,1,School of Architecture and Design,2,Department of Architecture (Architecture),"['Mathematics', 'Mechanical', 'Interior Architecture', 'Business', 'Leadership', 'Laboratory']",,"['ARC115', 'ARC117', 'ARC123', 'LNG105', 'GEN121', 'GEN231']"
121,121,122,Clark,Mitchell,Male,4,2,Faculty of Engineering,2,Department of Electronics and Telecommunication Engineering,"['Interior Design', 'Safety', 'Sports', 'Physics', 'Biology', 'Laboratory']",,"['ENE477', 'PRE380', 'ENE478', 'GEN101']"
122,122,123,Alan,Hamilton,Male,2,3,School of Architecture and Design,7,Department of Architecture (Interior Design),"['Construction', 'Safety', 'Computer', 'Materials', 'Ethics', 'Telecommunication']",,"['ARC226', 'INA241', 'ARC261', 'ARC271', 'INA211']"
123,123,124,Adele,Morgan,Female,3,3,Faculty of Science,6,Department of Microbiology,"['Programming', 'Mechanics', 'Interior Architecture', 'Environemntal', 'Engineering Foundation', 'Mechanical']",,"['GEN231', 'MIC321', 'MIC391', 'MIC332', 'MIC392', 'MIC341', 'MIC324']"
124,124,125,Chloe,Alexander,Female,3,5,School of Architecture and Design,0,Department of Architecture (Interior Design),"['Design', 'Construction', 'Communication', 'Leadership', 'Architecture', 'Electrical']",,"['ARC382', 'INA312', 'INA333', 'INA343', 'INA353', 'INA373', 'INA445']"
125,125,126,Daryl,Mason,Male,2,4,Faculty of Science,0,Department of Mathematics,"['Programming', 'Surveying', 'Information Technology', 'Communication', 'Engineering Foundation', 'Art']",,"['CSS112', 'GEN121', 'LNG103', 'MTH225', 'MTH242', 'STA111']"
126,126,127,James,Gray,Male,4,2,Faculty of Science,4,Department of Mathematics,"['Architecture', 'Physics', 'Design', 'Engineering Foundation', 'Mechanical', 'Telecommunication']",,"['MTH498', 'MTH499', 'MTH495']"
127,127,128,Brianna,Riley,Female,1,2,Faculty of Science,0,Department of Applied Physics,"['Mechanical', 'Sports', 'Constructions', 'Engineering Foundation', 'Computer', 'Statistics']",,"['PHY100', 'PHY101', 'PHY191', 'MTH111', 'GEN111', 'GEN121', 'LNG101']"
128,128,129,Eddy,Evans,Male,2,2,Faculty of Engineering,1,Department of Civil Engineering,"['Physics', 'Safety', 'Management', 'Control', 'Mechanics', 'Leadership']",,"['MTH201', 'CVE221', 'CVE223', 'CVE232', 'CVE112', 'LNG103', 'GEN121']"
129,129,130,Vivian,Parker,Female,3,4,School of Information Technology,0,Department of Science Information Technology,"['Architecture', 'Environemntal', 'Surveying', 'Project', 'Ethics', 'Mechanical']",,"['INT222', 'INT305', 'INT307', 'INT314', 'GEN241', 'LNG320']"
130,130,131,Kelvin,Bailey,Male,4,4,Faculty of Engineering,0,Department of Computer Engineering,"['Engineering Foundation', 'Electrical', 'Civil Engineering', 'Surveting', 'Environemntal', 'Electronics']",,"['CPE401', 'CPE402']"
131,131,132,Eddy,Turner,Male,1,1,Faculty of Science,2,Department of Chemistry,"['Mathematics', 'Biology', 'Chemistry', 'Interior Design', 'Construction', 'Environemntal']",,"['CHM101', 'CHM161', 'MIC101', 'MIC191', 'MTH111', 'PHY101', 'PHY191', 'LNG101', 'GEN101']"
132,132,133,Lucas,Harper,Male,1,1,Faculty of Engineering,0,Department of Environmental Engineering,"['Printing', 'Project', 'Biology', 'Management', 'Programming', 'Leadership']",,"['CPE100', 'MEE111', 'LNG101', 'LNG102', 'MEN111', 'MTH101', 'PHY103', 'PHY191']"
133,133,134,Roman,Thomas,Male,1,4,Faculty of Science,0,Department of Microbiology,"['Management', 'Language', 'Business', 'Project', 'Chemistry', 'Economics']",,"['LNG101', 'GEN101', 'CHM103', 'CHM160', 'MTH111', 'MIC101', 'MIC191', 'PHY101', 'PHY191']"
134,134,135,Jacob,Mitchell,Male,1,0,School of Information Technology,6,Department of Science Program in Computer Science,"['Constructions', 'Systems', 'Interior Architecture', 'Art', 'Computer', 'Biology']",,"['CSC100', 'CSC101', 'CSC102', 'CSC165', 'GEN111', 'GEN121', 'GEN231', 'LNG105']"
135,135,136,Stuart,Payne,Male,3,1,Faculty of Engineering,0,Department of Computer Engineering,"['Ethics', 'Business', 'Biology', 'Constructions', 'Systems', 'Career']",,"['CPE315', 'CPE326', 'CPE327', 'CPE332', 'GEN241', 'PRE380']"
136,136,137,Elise,Murphy,Female,1,5,Faculty of Engineering,0,Department of Electronics and Telecommunication Engineering,"['Laboratory', 'Telecommunication', 'Constructions', 'Programming', 'Industrial', 'Packaging']",,"['LNG101', 'CHM103', 'CHM160', 'ENE105', 'MTH101', 'PHY103', 'PHY191', 'GEN121']"
137,137,138,Brianna,Baker,Female,3,2,Faculty of Engineering,3,Department of Civil Engineering,"['Communication', 'Language', 'Mechanical', 'Engineering Foundation', 'Economics', 'Industrial']",,"['CVE100', 'CVE362', 'CVE363', 'CVE385', 'CVE336', 'CVE338', 'GEN241']"
138,138,139,Jordan,Robinson,Male,1,4,Faculty of Science,0,Department of Mathematics,"['Industrial', 'Environmental', 'Communication', 'Control', 'Materials', 'Information Technology']",,"['GEN101', 'GEN111', 'LNG101', 'MIC101', 'MIC191', 'MTH111', 'PHY101', 'PHY191']"
139,139,140,Rebecca,Martin,Female,4,1,School of Information Technology,5,Department of Science Program in Computer Science,"['Industrial', 'Economics', 'Computer ', 'Information Technology', 'Art', 'Design']",,"['CSC325', 'CSC499', 'CSC301', 'CSC302', 'CSC490']"
140,140,141,Ellia,West,Female,4,1,School of Information Technology,2,Department of Science Program in Computer Science,"['Computer ', 'Business', 'Electronics', 'Interior Design', 'Sports', 'Project']",,"['CSC325', 'CSC499', 'CSC301', 'CSC302', 'CSC490']"
141,141,142,Eric,Elliott,Male,4,3,School of Architecture and Design,7,Department of Architecture (Architecture),"['Business', 'Information Technology', 'Language', 'Mechanics', 'Printing', 'Constructions']",,"['ARC445', 'GEN351', 'ARC494', 'ARC446', 'ARC493', 'LNG107']"
142,142,143,Adele,Johnston,Female,3,0,School of Architecture and Design,8,Department of Architecture (Architecture),"['Chemistry', 'Career', 'Construction', 'Mathematics', 'Art', 'Project']",,"['ARC343', 'ARC354', 'ARC363', 'ARC373', 'ARC382']"
143,143,144,Sarah,Taylor,Female,4,5,Faculty of Science,0,Department of Applied Physics,"['Physics', 'Business', 'Surveting', 'Art', 'Project', 'Surveying']",,"['PHY496', 'PHY498', 'PHY497', 'PHY495']"
144,144,145,Belinda,Thompson,Female,1,2,School of Architecture and Design,1,Department of Architecture (Architecture),"['Mechanics', 'Language', 'Design', 'Printing', 'Information Technology', 'Industrial']",,"['ARC115', 'ARC117', 'ARC123', 'LNG105', 'GEN121', 'GEN231']"
145,145,146,Tess,Perkins,Female,1,4,Faculty of Industrial Education and Technology,0,Department of Technology Industrial Technology,"['Ethics', 'Architecture', 'Printing', 'Surveying', 'Telecommunication', 'Systems']",,"['GEN111', 'LNG101', 'IDT101', 'IDT102', 'MTH101']"
146,146,147,Agata,Reed,Female,4,5,School of Information Technology,1,Department of Science Program in Computer Science,"['Business', 'Statistics', 'Interior Architecture', 'Packaging', 'Laboratory', 'Mechanics']",,"['CSC325', 'CSC499', 'CSC301', 'CSC302', 'CSC490']"
147,147,148,Luke,Reed,Male,3,1,School of Information Technology,2,Department of Science Information Technology,"['Architecture', 'Safety', 'Business', 'Language', 'Computer', 'Analysis']",,"['INT222', 'INT305', 'INT307', 'INT314', 'GEN241', 'LNG320']"
148,148,149,Charlie,Perkins,Male,2,4,School of Architecture and Design,0,Department of Architecture (Interior Design),"['Electronics', 'Packaging', 'Interior Design', 'Systems', 'Sports', 'Surveying']",,"['ARC226', 'INA241', 'ARC261', 'ARC271', 'INA211']"
149,149,150,James,Thompson,Male,1,2,School of Information Technology,0,Department of Science Program in Computer Science,"['Analysis', 'Surveting', 'Electronics', 'Printing', 'Physics', 'Systems']",,"['CSC100', 'CSC101', 'CSC102', 'CSC165', 'GEN111', 'GEN121', 'GEN231', 'LNG105']"
150,150,151,Connie,Grant,Female,1,1,Faculty of Industrial Education and Technology,1,Department of Science Program in Printing and Packaging Technology,"['Design', 'Analysis', 'Surveying', 'Mechanical', 'Business', 'Materials']",,"['GEN111', 'LNG101', 'LNG102', 'MTH111', 'PHY101', 'PHY191', 'PPT101', 'PPT111']"
151,151,152,Agata,Turner,Female,3,2,School of Information Technology,1,Department of Science Program in Computer Science,"['Environmental', 'Communication', 'Packaging', 'Electronics', 'Mechanical', 'Physics']",,"['CSC340', 'MTH101', 'CSC319', 'CSC371', 'CSC498', 'MTH102']"
152,152,153,Adam,Howard,Male,3,1,Faculty of Industrial Education and Technology,2,Department of Science Program in Printing and Packaging Technology,"['Laboratory', 'Mechanical', 'Computer ', 'Electrical', 'Mechanics', 'Design']",,"['PPT331', 'PPT361', 'PPT371', 'GEN351', 'PPT362', 'PPT363']"
153,153,154,Daniel,Bailey,Male,1,4,Faculty of Industrial Education and Technology,0,Department of Science Program in Printing and Packaging Technology,"['Systems', 'Sports', 'Leadership', 'Packaging', 'Programming', 'Physics']",,"['GEN111', 'LNG101', 'LNG102', 'MTH111', 'PHY101', 'PHY191', 'PPT101', 'PPT111']"
154,154,155,Abigail,Hamilton,Female,1,2,School of Architecture and Design,1,Department of Architecture (Interior Design),"['Statistics', 'Computer', 'Telecommunication', 'Industrial', 'Career', 'Sports']",,"['ARC115', 'ARC117', 'ARC123', 'LNG105', 'GEN121', 'GEN231']"
155,155,156,Jasmine,Rogers,Female,2,1,Faculty of Science,4,Department of Statistics,"['Telecommunication', 'Constructions', 'Mathematics', 'Ethics', 'Economics', 'Philosophy']",,"['CSS114', 'GEN231', 'LNG103', 'MTH225', 'MTH242', 'STA231']"
156,156,157,Sabrina,Edwards,Female,1,3,Faculty of Science,0,Department of Chemistry,"['Information Technology', 'Biology', 'Systems', 'Chemistry', 'Safety', 'Control']",,"['CHM101', 'CHM161', 'MIC101', 'MIC191', 'MTH111', 'PHY101', 'PHY191', 'LNG101', 'GEN101']"
157,157,158,Blake,Adams,Male,2,0,School of Architecture and Design,7,Department of Architecture (Architecture),"['Management', 'Mechanical', 'Interior Architecture', 'Architecture', 'Communication', 'Electronics']",,"['ARC226', 'ARC241', 'ARC261', 'ARC271']"
158,158,159,Dexter,Johnson,Male,4,4,School of Information Technology,0,Department of Science Program in Computer Science,"['Surveying', 'Information Technology', 'Surveting', 'Electronics', 'Project', 'Mechanical']",,"['CSC325', 'CSC499', 'CSC301', 'CSC302', 'CSC490']"
159,159,160,Chester,Taylor,Male,2,3,Faculty of Science,2,Department of Statistics,"['Mechanical', 'Sports', 'Computer', 'Career', 'Physics', 'Materials']",,"['CSS114', 'GEN231', 'LNG103', 'MTH225', 'MTH242', 'STA231']"
160,160,161,Leonardo,Cole,Male,1,3,Faculty of Industrial Education and Technology,7,Department of Technology Industrial Technology,"['Programming', 'Control', 'Surveting', 'Environemntal', 'Language', 'Leadership']",,"['GEN111', 'LNG101', 'IDT101', 'IDT102', 'MTH101']"
161,161,162,Sabrina,Bennett,Female,3,5,School of Architecture and Design,2,Department of Architecture (Interior Design),"['Chemistry', 'Constructions', 'Analysis', 'Statistics', 'Architecture', 'Interior Architecture']",,"['ARC382', 'INA312', 'INA333', 'INA343', 'INA353', 'INA373', 'INA445']"
162,162,163,Michael,Brown,Male,3,3,School of Information Technology,9,Department of Science Program in Computer Science,"['Materials', 'Environmental', 'Project', 'Ethics', 'Civil Engineering', 'Control']",,"['CSC340', 'MTH101', 'CSC319', 'CSC371', 'CSC498', 'MTH102']"
163,163,164,Caroline,Anderson,Female,1,4,School of Architecture and Design,0,Department of Architecture (Architecture),"['Business', 'Programming', 'Chemistry', 'Civil Engineering', 'Statistics', 'Mathematics']",,"['ARC115', 'ARC117', 'ARC123', 'LNG105', 'GEN121', 'GEN231']"
164,164,165,Edwin,Brown,Male,1,4,Faculty of Engineering,0,Department of Computer Engineering,"['Mechanics', 'Environemntal', 'Telecommunication', 'Printing', 'Physics', 'Environmental']",,"['CPE100', 'CPE101', 'CPE121', 'LNG101', 'MTH101', 'PHY103']"
165,165,166,Dale,Lloyd,Male,2,1,School of Information Technology,1,Department of Science Information Technology,"['Construction', 'Economics', 'Civil Engineering', 'Electrical', 'Programming', 'Electronics']",,"['INT201', 'INT202', 'INT205', 'INT207', 'INT214', 'GEN231', 'LNG202']"
166,166,167,Sienna,Armstrong,Female,2,4,School of Architecture and Design,0,Department of Architecture (Architecture),"['Mechanical', 'Civil Engineering', 'Constructions', 'Surveying', 'Statistics', 'Electronics']",,"['ARC226', 'ARC241', 'ARC261', 'ARC271']"
167,167,168,Dale,Nelson,Male,1,0,School of Information Technology,2,Department of Science Program in Computer Science,"['Interior Design', 'Environemntal', 'Environmental', 'Electronics', 'Art', 'Laboratory']",,"['CSC100', 'CSC101', 'CSC102', 'CSC165', 'GEN111', 'GEN121', 'GEN231', 'LNG105']"
168,168,169,Alina,Phillips,Female,2,2,Faculty of Science,0,Department of Statistics,"['Economics', 'Packaging', 'Interior Design', 'Electrical', 'Industrial', 'Information Technology']",,"['CSS114', 'GEN231', 'LNG103', 'MTH225', 'MTH242', 'STA231']"
169,169,170,Myra,Wilson,Female,2,3,Faculty of Industrial Education and Technology,6,Department of Science Program in Printing and Packaging Technology,"['Physics', 'Environemntal', 'Control', 'Civil Engineering', 'Computer', 'Computer ']",,"['CHM215', 'CHM266', 'GEN231', 'LNG103', 'PPT212', 'PPT221', 'PPT231']"
170,170,171,Walter,Ellis,Male,1,2,Faculty of Engineering,4,Department of Civil Engineering,"['Biology', 'Control', 'Civil Engineering', 'Safety', 'Telecommunication', 'Leadership']",,"['MTH101', 'PHY103', 'PHY191', 'CHM103', 'CHM160', 'MEN111', 'LNG101', 'GEN111']"
171,171,172,Bruce,Wells,Male,2,1,Faculty of Engineering,3,Department of Mechanical Engineering,"['Construction', 'Economics', 'Computer', 'Philosophy', 'Engineering Foundation', 'Materials']",,"['EEE102', 'GEN121', 'LNG103', 'MTH201', 'MEE211', 'MEE221', 'MEE216']"
172,172,173,Emma,Ferguson,Female,2,4,Faculty of Industrial Education and Technology,0,Department of Technology Industrial Technology,"['Surveying', 'Mechanics', 'Computer', 'Printing', 'Systems', 'Information Technology']",,"['GEN101', 'GEN231', 'LNG103', 'IDT201', 'IDT202', 'IDT203']"
173,173,174,Jordan,Thompson,Male,3,4,Faculty of Industrial Education and Technology,0,Department of Technology Industrial Technology,"['Project', 'Programming', 'Environemntal', 'Surveting', 'Electronics', 'Ethics']",,"['GEN351', 'IDT301', 'IDT471', 'IDT472', 'IDT391']"
174,174,175,Cadie,Myers,Female,3,5,Faculty of Engineering,0,Department of Electronics and Telecommunication Engineering,"['Language', 'Statistics', 'Business', 'Communication', 'Telecommunication', 'Biology']",,"['ENE301', 'ENE312', 'ENE334', 'ENE370', 'ENE422', 'ENE450', 'ENE467']"
175,175,176,Robert,Hall,Male,2,3,School of Architecture and Design,4,Department of Architecture (Architecture),"['Environemntal', 'Industrial', 'Computer ', 'Computer', 'Mechanical', 'Telecommunication']",,"['ARC226', 'ARC241', 'ARC261', 'ARC271']"
176,176,177,Adam,Ryan,Male,3,0,Faculty of Science,3,Department of Statistics,"['Design', 'Construction', 'Communication', 'Surveting', 'Economics', 'Art']",,"['STA321', 'STA322', 'STA331', 'STA336', 'STA333', 'STA334', 'STA392']"
177,177,178,Anna,Dixon,Female,3,3,School of Architecture and Design,9,Department of Architecture (Architecture),"['Economics', 'Project', 'Programming', 'Chemistry', 'Systems', 'Business']",,"['ARC343', 'ARC354', 'ARC363', 'ARC373', 'ARC382']"
178,178,179,Michelle,Scott,Female,2,3,Faculty of Science,1,Department of Mathematics,"['Economics', 'Mechanics', 'Art', 'Interior Design', 'Mechanical', 'Telecommunication']",,"['CSS112', 'GEN121', 'LNG103', 'MTH225', 'MTH242', 'STA111']"
179,179,180,Ashton,Taylor,Male,4,0,School of Information Technology,8,Department of Science Program in Computer Science,"['Control', 'Interior Architecture', 'Electronics', 'Business', 'Packaging', 'Philosophy']",,"['CSC325', 'CSC499', 'CSC301', 'CSC302', 'CSC490']"
180,180,181,Deanna,Ellis,Female,3,3,Faculty of Industrial Education and Technology,9,Department of Technology Industrial Technology,"['Project', 'Engineering Foundation', 'Information Technology', 'Mechanical', 'Laboratory', 'Biology']",,"['GEN351', 'IDT301', 'IDT471', 'IDT472', 'IDT391']"
181,181,182,Maya,Bailey,Female,4,0,Faculty of Science,6,Department of Chemistry,"['Environemntal', 'Mechanical', 'Construction', 'Industrial', 'Communication', 'Business']",,"['CHM496', 'CHM497', 'PRE290']"
182,182,183,Richard,Barrett,Male,2,4,Faculty of Industrial Education and Technology,0,Department of Technology Industrial Technology,"['Sports', 'Environemntal', 'Economics', 'Management', 'Business', 'Ethics']",,"['GEN101', 'GEN231', 'LNG103', 'IDT201', 'IDT202', 'IDT203']"
183,183,184,Kelsey,Brooks,Female,3,0,Faculty of Engineering,5,Department of Electronics and Telecommunication Engineering,"['Computer ', 'Mechanics', 'Materials', 'Communication', 'Programming', 'Project']",,"['ENE301', 'ENE312', 'ENE334', 'ENE370', 'ENE422', 'ENE450', 'ENE467']"
184,184,185,Alford,Morris,Male,1,0,Faculty of Industrial Education and Technology,8,Department of Science Program in Printing and Packaging Technology,"['Mathematics', 'Computer ', 'Control', 'Interior Architecture', 'Design', 'Environmental']",,"['GEN111', 'LNG101', 'LNG102', 'MTH111', 'PHY101', 'PHY191', 'PPT101', 'PPT111']"
185,185,186,Valeria,Rogers,Female,4,3,School of Information Technology,0,Department of Science Information Technology,"['Mathematics', 'Constructions', 'Environmental', 'Control', 'Mechanical', 'Design']",,"['INT366', 'LNG224', 'INT322', 'LNG304']"
186,186,187,Chelsea,Farrell,Female,2,3,Faculty of Industrial Education and Technology,2,Department of Technology Industrial Technology,"['Sports', 'Art', 'Printing', 'Systems', 'Construction', 'Biology']",,"['GEN101', 'GEN231', 'LNG103', 'IDT201', 'IDT202', 'IDT203']"
187,187,188,Edward,Hall,Male,1,2,Faculty of Industrial Education and Technology,2,Department of Technology Industrial Technology,"['Laboratory', 'Ethics', 'Interior Architecture', 'Computer ', 'Safety', 'Career']",,"['GEN111', 'LNG101', 'IDT101', 'IDT102', 'MTH101']"
188,188,189,James,Brooks,Male,4,4,Faculty of Engineering,0,Department of Electronics and Telecommunication Engineering,"['Constructions', 'Information Technology', 'Engineering Foundation', 'Economics', 'Mechanics', 'Laboratory']",,"['ENE477', 'PRE380', 'ENE478', 'GEN101']"
189,189,190,Tess,Richards,Female,2,0,School of Architecture and Design,0,Department of Architecture (Architecture),"['Printing', 'Civil Engineering', 'Design', 'Construction', 'Biology', 'Programming']",,"['ARC226', 'ARC241', 'ARC261', 'ARC271']"
190,190,191,Andrew,Perkins,Male,2,4,School of Information Technology,0,Department of Science Program in Computer Science,"['Electrical', 'Art', 'Design', 'Environemntal', 'Control', 'Biology']",,"['CSC210', 'CSC213', 'CSC218', 'CSC220', 'CSC290', 'GEN352']"
191,191,192,Martin,Martin,Male,3,1,Faculty of Engineering,1,Department of Mechanical Engineering,"['Printing', 'Business', 'Communication', 'Packaging', 'Architecture', 'Mathematics']",,"['GEN231', 'MEE313', 'MEE321', 'MEE331', 'MEE361', 'MEE363']"
192,192,193,Cadie,Henderson,Female,3,0,Faculty of Engineering,3,Department of Electronics and Telecommunication Engineering,"['Interior Design', 'Materials', 'Art', 'Career', 'Biology', 'Industrial']",,"['ENE301', 'ENE312', 'ENE334', 'ENE370', 'ENE422', 'ENE450', 'ENE467']"
193,193,194,Julian,Mitchell,Male,3,5,School of Information Technology,1,Department of Science Information Technology,"['Design', 'Ethics', 'Business', 'Environemntal', 'Biology', 'Packaging']",,"['INT222', 'INT305', 'INT307', 'INT314', 'GEN241', 'LNG320']"
194,194,195,Michelle,Roberts,Female,1,5,Faculty of Engineering,2,Department of Electronics and Telecommunication Engineering,"['Electrical', 'Physics', 'Analysis', 'Systems', 'Statistics', 'Civil Engineering']",,"['LNG101', 'CHM103', 'CHM160', 'ENE105', 'MTH101', 'PHY103', 'PHY191', 'GEN121']"
195,195,196,Nicole,Riley,Female,1,1,School of Information Technology,3,Department of Science Program in Computer Science,"['Industrial', 'Electronics', 'Engineering Foundation', 'Design', 'Surveying', 'Electrical']",,"['CSC100', 'CSC101', 'CSC102', 'CSC165', 'GEN111', 'GEN121', 'GEN231', 'LNG105']"
196,196,197,Ted,Bennett,Male,2,0,School of Information Technology,1,Department of Science Information Technology,"['Interior Architecture', 'Computer ', 'Interior Design', 'Career', 'Statistics', 'Systems']",,"['INT201', 'INT202', 'INT205', 'INT207', 'INT214', 'GEN231', 'LNG202']"
197,197,198,Adrian,Robinson,Male,2,2,Faculty of Science,3,Department of Applied Physics,"['Mathematics', 'Leadership', 'Analysis', 'Chemistry', 'Language', 'Materials']",,"['PHY203', 'PHY290', 'PHY205', 'STA212', 'EEE100', 'CHM103', 'CHM160', 'LNG103']"
198,198,199,Charlie,Henderson,Male,3,0,Faculty of Science,0,Department of Statistics,"['Philosophy', 'Mechanics', 'Surveting', 'Safety', 'Computer', 'Leadership']",,"['STA321', 'STA322', 'STA331', 'STA336', 'STA333', 'STA334', 'STA392']"
199,199,200,Aston,Edwards,Male,1,2,School of Information Technology,0,Department of Science Program in Computer Science,"['Biology', 'Surveying', 'Ethics', 'Economics', 'Philosophy', 'Mathematics']",,"['CSC100', 'CSC101', 'CSC102', 'CSC165', 'GEN111', 'GEN121', 'GEN231', 'LNG105']"
